{
	"class_name" : "PinholeCameraParameters",
	"extrinsic" : 
	[
		0.99676554442399645,
		0.0022326814898026982,
		0.080333458673824798,
		0.0,
		0.027917335091620955,
		-0.94698079243405064,
		-0.32007499302875825,
		0.0,
		0.075359616841622637,
		0.3212824207676831,
		-0.94398015564689775,
		0.0,
		0.055903682940794508,
		0.30663472648781875,
		1.8964757846388582,
		1.0
	],
	"intrinsic" : 
	{
		"height" : 558,
		"intrinsic_matrix" : 
		[
			483.24217531171678,
			0.0,
			0.0,
			0.0,
			483.24217531171678,
			0.0,
			855.5,
			278.5,
			1.0
		],
		"width" : 1712
	},
	"version_major" : 1,
	"version_minor" : 0
}